{"cameraMode":{"drawMode":2,"name":"Shaded Wireframe","section":"Shading Mode"},"sceneLighting":true,"audioPlay":false,"sceneViewState":{"showFog":true,"showMaterialUpdate":false,"showSkybox":true,"showFlares":true,"showImageEffects":true,"showParticleSystems":true},"in2DMode":false,"pivot":{"x":19.7362060546875,"y":-303.69970703125,"z":-224.34521484375},"rotation":{"x":0.24532712996006013,"y":-0.7134833931922913,"z":0.583856999874115,"w":0.29980388283729555},"size":6555.48876953125,"orthographic":false}